scenario_name,product,balance,expected_loss,expected_default_balance,expected_defaults_count,loss_rate
mild_stress,vehicle,270000000,6456450.0,16770000.0,1213.3333333333335,0.02391277777777778
mild_stress,small_business,30000000,1351350.0000000005,2730000.0000000005,68.25000000000001,0.045045000000000016
mild_stress,mortgage,80000000,171600.00000000003,1040000.0000000001,4.16,0.002145
