scenario_name,product,balance,expected_loss,expected_default_balance,expected_defaults_count,loss_rate
severe_stress,vehicle,270000000,10158750.000000002,23220000.000000004,1680.0000000000002,0.037625000000000006
severe_stress,small_business,30000000,2126250.0000000005,3780000.000000001,94.50000000000003,0.07087500000000002
severe_stress,mortgage,80000000,270000.00000000006,1440000.0000000002,5.760000000000001,0.003375000000000001
